<?xml version="1.0" encoding="utf-8"?>
<odoo>
    <data noupdate="0">
        <record forcecreate="True" id="ir_cron_schedular_import_pos_order" model="ir.cron">
            <field name="name">Synchronize: Foodics Order</field>
            <field name="model_id" ref="model_foodics_connector"/>
            <field name="active" eval="True" />
            <field name="user_id" ref="base.user_admin" />
            <field name="state">code</field>
            <field name="code">model.cron_sync_pos_order()</field>
            <field name="interval_number">60</field>
            <field name="interval_type">minutes</field>
            <field name="numbercall">-1</field>
            <field name="doall" eval="True" />
        </record>
    </data>
</odoo>
